TaskName,GenerationTime,TaskID,TaskSize,CyclesPerBit,TransBitRate,DDL,SrcName,DstName
t0,4,0,51,7,34,63,n10,n11
t1,8,1,51,9,36,93,n0,n7
t2,11,2,75,7,36,80,n1,n10
t3,12,3,75,9,21,61,n10,n12
t4,17,4,73,9,72,55,n1,n10
t5,18,5,83,8,32,92,n5,n6
t6,20,6,59,6,26,70,n12,n2
t7,23,7,37,2,60,75,n4,n3
t8,25,8,18,6,39,73,n0,n5
t9,26,9,82,7,27,77,n3,n6
t10,29,10,13,9,54,84,n0,n4
t11,32,11,66,3,89,82,n3,n10
t12,37,12,28,8,80,83,n6,n10
t13,38,13,12,8,32,53,n8,n6
t14,43,14,34,4,99,87,n10,n2
t15,44,15,74,10,70,50,n3,n4
t16,47,16,88,3,31,68,n0,n4
t17,51,17,73,1,61,71,n11,n9
t18,53,18,60,7,89,67,n3,n6
t19,54,19,74,7,83,98,n3,n12
t20,56,20,58,8,78,79,n1,n11
t21,58,21,72,6,22,65,n11,n8
t22,63,22,99,8,62,83,n10,n6
t23,65,23,44,2,81,89,n8,n10
t24,70,24,55,9,22,75,n0,n6
t25,71,25,80,5,20,72,n11,n4
t26,74,26,31,7,29,61,n6,n3
t27,78,27,15,9,44,66,n5,n4
t28,82,28,12,6,71,82,n10,n11
t29,86,29,34,1,41,56,n11,n6
t30,90,30,72,10,74,57,n12,n1
t31,92,31,20,8,80,50,n10,n3
t32,95,32,70,3,50,96,n5,n10
t33,97,33,43,5,85,96,n7,n11
t34,98,34,37,3,44,88,n7,n4
t35,103,35,49,8,90,56,n7,n10
t36,105,36,40,8,54,53,n10,n9
t37,107,37,98,2,52,88,n7,n0
t38,109,38,72,6,46,88,n5,n2
t39,114,39,51,7,66,79,n5,n7
t40,117,40,56,8,25,96,n12,n5
t41,120,41,90,6,99,81,n12,n7
t42,124,42,42,4,30,99,n8,n6
t43,126,43,44,8,49,91,n10,n6
t44,131,44,97,9,60,97,n5,n10
t45,132,45,19,5,68,87,n12,n5
t46,136,46,91,6,27,95,n9,n5
t47,137,47,45,5,39,54,n1,n4
t48,139,48,97,4,98,80,n1,n9
t49,140,49,73,4,21,95,n7,n0
t50,142,50,13,6,29,97,n8,n0
t51,144,51,46,7,35,98,n9,n12
t52,148,52,10,4,30,94,n0,n10
t53,152,53,60,2,82,74,n12,n3
t54,155,54,78,4,33,85,n5,n9
t55,156,55,49,3,95,76,n5,n6
t56,157,56,86,2,84,51,n4,n2
t57,161,57,79,1,61,82,n7,n2
t58,164,58,57,3,55,56,n0,n9
t59,169,59,51,10,81,86,n5,n12
t60,171,60,49,4,97,59,n4,n11
t61,176,61,48,1,44,51,n4,n2
t62,178,62,97,6,84,76,n9,n6
t63,181,63,24,7,33,81,n3,n11
t64,182,64,53,7,94,62,n10,n1
t65,187,65,37,5,63,86,n7,n0
t66,189,66,88,4,71,59,n0,n3
t67,192,67,52,8,32,68,n5,n10
t68,196,68,84,8,69,68,n12,n10
t69,200,69,32,1,62,64,n9,n5
t70,204,70,93,5,92,98,n9,n5
t71,207,71,37,7,64,99,n5,n0
t72,211,72,19,8,52,90,n11,n12
t73,215,73,76,6,65,62,n7,n12
t74,217,74,30,6,81,51,n10,n8
t75,219,75,88,6,53,81,n11,n0
t76,221,76,81,2,24,58,n4,n9
t77,222,77,68,3,70,77,n12,n0
t78,227,78,15,7,99,78,n2,n8
t79,230,79,87,9,30,80,n6,n2
t80,231,80,58,3,68,82,n7,n0
t81,233,81,75,8,42,62,n4,n5
t82,236,82,13,1,57,65,n3,n8
t83,241,83,36,6,76,93,n7,n9
t84,246,84,32,7,76,93,n10,n5
t85,248,85,16,5,85,98,n1,n2
t86,249,86,44,7,40,69,n5,n7
t87,250,87,37,2,68,65,n10,n7
t88,255,88,22,10,98,93,n10,n5
t89,258,89,85,10,49,66,n0,n3
t90,262,90,51,1,65,61,n2,n9
t91,263,91,70,6,46,94,n10,n12
t92,264,92,73,6,71,63,n4,n3
t93,267,93,46,6,70,55,n7,n4
t94,272,94,66,3,37,50,n6,n4
t95,277,95,48,5,26,93,n7,n4
t96,281,96,82,7,55,63,n12,n9
t97,285,97,72,2,20,86,n10,n7
t98,290,98,11,2,49,52,n7,n10
t99,291,99,44,4,60,90,n2,n8
